sku,pack_size,pack_price,source,date_checked
ECF504-SC5E,1,22.59,unverified,
ECF504-SC6,1,20.54,"Srijan, live check",2026-10-04
TDG1026KS-C6,1,16.39,unverified,
ECF504-SC6A,1,30.19,unverified,
ECF504-BAS,1,10.79,unverified,
ECF504-UABS,1,20.19,unverified,
CAPUSB-A,10,19.99,"Srijan, live check",2026-10-04
ECF504B-UAB,1,14.59,unverified,
VIC00001,1,28.19,unverified,
HDFF,1,31.7,"Srijan, live check",2026-10-04
ECF504-AA,1,24.79,unverified,
C&P9M,1,3.98,"Newark distributor price, unconfirmed",
FOA-020C,1,72.99,"Srijan, live check",2026-10-04
LCSP1050,1,33.04,unverified,
HG2409U-PRO,1,99,unverified,
